{
    "products": [
      {
        "id": 1,
        "name": "Smartphone XYZ",
        "price": 299.99,
        "image": "/images/phone.jpg",
        "slug": "top-products"
      },
      {
        "id": 2,
        "name": "Herný notebook ABC",
        "price": 999.99,
        "image": "/images/laptop.jpg",
        "slug": "top-products"
      },
      {
        "id": 3,
        "name": "Bezdrôtové slúchadlá",
        "price": 49.99,
        "image": "/images/headphones.jpg",
        "slug": "top-products"
      },
      {
        "id": 4,
        "name": "Robotický vysávač",
        "price": 199.99,
        "image": "/images/vacuum.jpg",
        "slug": "special-offers"
      }
    ]
  }
  